{
  "vehicle": {
    "acceleration": [
      0,
      0,
      0
    ],
    "velocity": [
      2.2988010245539376,
      -1.040315460612527,
      0
    ],
    "position": [
      86.42295693721016,
      300.7503201721304,
      0
    ],
    "r": 4,
    "maxspeed": 5,
    "maxforce": 0.5,
    "health": 0.6099999999999994,
    "firstFrame": 24507,
    "lastFrame": 38507,
    "lastReproduced": null,
    "dna": [
      1.743434806802901,
      0.8258067470473753,
      121.66938399979244,
      6.640363575703509,
      33.32155589562535,
      -0.026770907308408597,
      -1.4029150647326765,
      0.48641094459573564,
      0.6017495931181058,
      -121.42371844082825
    ]
  },
  "foodSpawnChance": 0.25,
  "poisonSpawnChance": 0.155,
  "reproduceChance": 0.5
}
