{
  "vehicle": {
    "acceleration": [
      0,
      0,
      0
    ],
    "velocity": [
      2.4805520838265247,
      4.27205167851784,
      0
    ],
    "position": [
      19.240406789124755,
      292.77870370638834,
      0
    ],
    "r": 4,
    "maxspeed": 5,
    "maxforce": 0.5,
    "health": 1.6999999999999993,
    "firstFrame": 24800,
    "lastFrame": 38800,
    "lastReproduced": 24846,
    "dna": [
      1.712739626977644,
      0.8258067470473753,
      110.52451958527304,
      -1.017385926208477,
      34.757785072110245,
      -0.010568388460607488,
      -1.4149141617287992,
      0.4621416289123247,
      0.6017495931181058,
      -145.9365600139369
    ]
  },
  "foodSpawnChance": 0.25,
  "poisonSpawnChance": 0.155,
  "reproduceChance": 0.5
}
