{
  "vehicle": {
    "acceleration": [
      0,
      0,
      0
    ],
    "velocity": [
      0.759223269378463,
      -2.106798548178737,
      0
    ],
    "position": [
      591.6527036968754,
      221.23284803977887,
      0
    ],
    "r": 4,
    "maxspeed": 5,
    "maxforce": 0.5,
    "health": 0.6899999999999975,
    "firstFrame": 23969,
    "lastFrame": 37969,
    "lastReproduced": 24199,
    "dna": [
      1.6580186958985628,
      0.9053244605887885,
      110.52451958527304,
      6.640363575703509,
      31.9921815100549,
      -0.026770907308408597,
      -1.3999374087691279,
      0.4736013034224442,
      0.7421010846133353,
      -89.48060154153282
    ]
  },
  "foodSpawnChance": 0.25,
  "poisonSpawnChance": 0.155,
  "reproduceChance": 0.5
}
