{
  "vehicle": {
    "acceleration": [
      0,
      0,
      0
    ],
    "velocity": [
      -1.4598416934926304,
      -1.0639883720665628,
      0
    ],
    "position": [
      315.57414186654285,
      259.2894824480196,
      0
    ],
    "r": 4,
    "maxspeed": 5,
    "maxforce": 0.5,
    "health": -2.085137618124122e-15,
    "firstFrame": 20384,
    "lastFrame": 34384,
    "lastReproduced": 20436,
    "dna": [
      1.6691586544707246,
      0.7952544328261518,
      100.58336394184607,
      -1.9849721408921974,
      31.9921815100549,
      -0.010568388460607488,
      -1.4029150647326765,
      0.4736013034224442,
      0.5849000724817611,
      -114.47242907177424
    ]
  },
  "foodSpawnChance": 0.25,
  "poisonSpawnChance": 0.155,
  "reproduceChance": 0.5
}
